<?xml version="1.0" encoding="utf-8"?>
<GUI onOpen="onOpen" onClose="onClose" onCreate="onCreate" name="FS25BetterMinimapUI" version="1.0">
    <Bitmap profile="fs25_fullScreenBackground" id="background"/>

    <GuiElement profile="fs25_menuContainer">
        <Overlay name="background" image="dataS/menu/bg_menu.dds" position="0 0" size="1 1" />
        
        <Text text="FS25 Better Minimap Settings" position="0.5 0.9" align="center" size="0.04" />
        
        <!-- Mod Icon in the top-right corner -->
        <Overlay name="modIcon" image="FS25_BetterMinimap_icon.dds" position="0.9 0.9" size="0.08" align="right" />

        <Bitmap profile="fs25_multiTextOptionContainer">
            <MultiTextOption profile="fs25_settingsMultiTextOption" onClick="onClickMultiOption" id="refreshRateList" texts="15s|30s|45s|60s">
                <Text profile="fs25_multiTextOptionTooltip" name="ignore" text="Refresh Rate"/>
            </MultiTextOption>
            <Text profile="fs25_settingsMultiTextOptionTitle" text="Refresh Rate"/>
        </Bitmap>
        
        <Button text="Save" position="0.5 0.3" align="center" size="0.04"
                action="onSaveSettings" />
        
        <Button text="Close" position="0.5 0.1" align="center" size="0.04"
                action="onClose" />
    </GuiElement>
</GUI>
