<?xml version="1.0" encoding="utf-8" standalone="no"?>
<modDesc descVersion="94">
    <version>0.9.1.8</version>
    <author>original  FS17:jDanek; FS25:SupremeClicker</author>
    <title>
        <en>Better Minimap (MOD is still being developed)</en>
        <de>Bessere Minimap (Mod wird noch entwickelt)</de>
        <fr>Meilleure Minicarte (Le mod est toujours en cours de développement)</fr>
        <cz>Lepší Minimapa (Mod se stále vyvíjí)</cz>
        <pl>Ulepszona minimap (MOD jest nadal rozwijany)</pl>
    </title>
    <description>
        <en><![CDATA[
A better minimap that replaces the original minimap in the game. Adds the ability to switch imaging modes (plants, plant growth and soil) directly in minimap. These states are automatically restored after 60 seconds by changing the mode or resizing the minimap.

Function:
- Color status indication
- The active mode is listed under the minimap
- Automatic re-reading of states after 60s with deduction

Changelog:

]]></en>
        <de><![CDATA[
Eine bessere Minikarte, die die ursprüngliche Minikarte im Spiel ersetzt. Fügt die Fähigkeit hinzu, Bildgebungsmodi (Pflanzen, Pflanzenwachstum und Boden) direkt in Minikarte zu wechseln. Diese Status werden automatisch nach 60 Sekunden wiederhergestellt, indem Sie den Modus ändern oder die Größe der Minikarte ändern.

Eigenschaften:
- Farbstatusanzeige
- Der aktive Modus ist unter der Minikarte aufgeführt
- Automatisches erneutes Lesen von Zuständen nach 60s mit Abzug

Änderungsliste:


]]></de>
        <fr><![CDATA[
Une meilleure minicarte qui remplace la minicarte originale dans le jeu. Ajoute la possibilité de changer de mode d'imagerie (plantes, croissance des plantes et sol) directement en minicarte. Ces états sont automatiquement restaurés après 60 secondes en changeant le mode ou en redimensionnant la minicarte.

Caractéristiques:
- Indication d'état de la couleur
- Le mode actif est répertorié sous la minicarte
- Relecture automatique des états après 60s avec déduction

Changelog:


]]></fr>
        <cz><![CDATA[
Lepší minimapa, který nahrazuje původní minimapu ve hře. Přidá možnost přepínat zobrazovací režimy (rostliny, růst rostlin a půda) přímo v minimapě. Tyto stavy se automaticky obnoví po 60 sekundách, změnou režimu nebo změnou velikosti minimapu.

Funkce:
- Barevná indikace stavu polí
- Aktivní režim je vypsán pod minimapou
- Automatické znovunačtení stavů po 60s s odpočtem

Změny:


]]></cz>
        <pl><![CDATA[
Ulepszona minimapa, która zastępuje oryginalną w grze minimapę. Dodaje możliwość przełączania trybów wyświetlania (rodzaje roślin, wzrost roślin i zagęszczenie gleby) bezpośrednio na minimapie. Stany te są automatycznie odświeżanie po 60 sekundach od zmiany trybu lub rozmiaru minimapy.

Funkcje:
- Wskaźnik statusu koloru
- Aktywny tryb jest wyświetlany pod minimapą
- Automatyczne odświeżanie stanów po 60s (licznik)

Dziennik zmian:


]]></pl>
    </description>
    <multiplayer supported="true" />
    <iconFilename>FS25_BetterMinimap_icon.dds</iconFilename>
    <l10n filenamePrefix="translations/translation" />
    <actions>
        <action name="FS25_BetterMinimap_SHOW_CONFIG_GUI" />
        <action name="FS25_BetterMinimap_RELOAD" />
        <action name="FS25_BetterMinimap_PREV" />
        <action name="FS25_BetterMinimap_NEXT" />
    </actions>
    <inputBinding>
        <!-- TODO:
        <actionBinding action="FS25_BetterMinimap_SHOW_CONFIG_GUI">
            <binding device="KB_MOUSE_DEFAULT"
                     input="KEY_ralt KEY_m" />
        </actionBinding>
        -->
        <actionBinding action="FS25_BetterMinimap_RELOAD">
            <binding device="KB_MOUSE_DEFAULT"
                     input="KEY_backslash" />
        </actionBinding>
        <actionBinding action="FS25_BetterMinimap_PREV">
            <binding device="KB_MOUSE_DEFAULT"
                     input="KEY_leftbracket" />
        </actionBinding>
        <actionBinding action="FS25_BetterMinimap_NEXT">
            <binding device="KB_MOUSE_DEFAULT"
                     input="KEY_rightbracket" />
        </actionBinding>
    </inputBinding>
    <!-- TODO:
    <gui>
        <filename>ui/FS25_BetterMinimap_UI.xml</filename>
    </gui>
    -->
    <extraSourceFiles>
        <sourceFile filename="lib/LogHelper.lua" />
        <sourceFile filename="lib/ModHelper.lua" />
        <sourceFile filename="FS25_BetterMinimap.lua" />
    </extraSourceFiles>
</modDesc>